row_id,Y
0,5734.28983542412
1,1417.9387864232897
2,395.7487112433904
3,1079.4948527759086
4,1751.8682570402134
5,1731.8803776922387
6,2289.2073167300623
7,2932.0306535461077
8,390.9162451204161
9,3470.9794230648454
10,1685.3397243336583
11,1262.6179193169648
12,433.8855237471439
13,501.3954696383221
14,2329.4896080114577
15,4705.2817611177625
16,3032.9476681013875
17,626.0356897365721
18,1310.8174302508285
19,88.48345951850723
20,1153.0344329459806
21,2473.7942124908573
22,826.8226871255447
23,931.1912586760627
24,427.2359732689741
25,359.0098624689707
26,1369.0507265293254
27,722.3662593280816
28,3830.3037199300043
29,2413.2193282768626
30,1956.8356088942605
31,3446.0142540285624
32,2463.64160191276
33,797.8097825641032
34,997.2468780970257
35,201.29116011088627
36,1918.6895897130617
37,-32.89851676380306
38,1979.9894986095694
39,1562.321129920695
40,108.84260267828802
41,3988.3259725319213
42,902.5301326681692
43,3274.65439404746
44,333.37202654079124
45,1758.2149222998178
46,952.5842452795241
47,1605.203164940541
48,1647.274250070941
49,509.3305963506498
50,2882.65723960702
51,3890.0367133782775
52,2012.6184717767787
53,3146.9345751928977
54,1860.2517165132049
55,2883.556007588785
56,3928.5198811569403
57,5041.707494615744
58,1461.4804353240288
59,3811.165902527184
60,669.8849066701111
61,1743.6738320336642
62,517.2434331562669
63,705.930217135574
64,4163.146310623633
65,3202.339974652123
66,2209.9161993362463
67,1616.3878072071245
68,1547.8019697604966
69,1880.5442582902954
70,1810.3277826030758
71,1494.181291716235
72,224.90171337213195
73,2504.8087194242275
74,2008.2793110874904
75,2361.022773954314
76,4033.0345224569896
77,2750.5472538790436
78,1886.1505733920987
79,639.8386981620722
80,258.3803637968607
81,723.5946615721178
82,3657.0100409111774
83,2794.3471268847698
84,2737.132230573557
85,704.317092006788
86,2904.744902568085
87,1709.6014367750636
88,3402.7669717082435
89,2801.4093111143475
90,3901.409557645471
91,2747.276054899366
92,4095.758617645107
93,3007.0436325495557
94,381.53867587106527
95,347.621051452756
96,1957.5277297134069
97,3460.952500490649
98,3816.597354306099
99,314.9680756207316
100,2111.204824155433
101,2755.9538339470696
102,433.0205036289406
103,2727.6983771508376
104,2065.7187560020243
105,365.039499971799
106,1493.5845356644118
107,1520.9729606575784
108,2930.400481773183
109,1267.5899020516292
110,3102.848291255804
111,1946.5257019526234
112,2708.520453787439
113,2674.3594698145525
114,2999.452969474604
115,2324.6580216529483
116,2020.980329231852
117,2876.918485773667
118,3072.097018620455
119,4175.372051068386
120,4057.3398837116083
121,1941.918644544149
122,1361.9296877927707
123,2990.919955270998
124,1453.560708764696
125,4229.670583756708
126,1521.4509888602402
127,1948.1133893566473
128,2586.5522034732385
129,948.3164582702098
130,2708.667877065029
131,2229.0463002431034
132,3589.9985926366357
133,3189.909071625972
134,5953.07411465112
135,4893.407591746483
136,195.838717404077
137,3992.5368508124493
138,3875.5745935634372
139,-17.43048085764388
140,3088.3086177101663
141,2932.092065729809
142,1383.3969932835664
143,1817.0230356307552
144,2733.874540239964
145,699.7213838698772
146,2365.141642017325
147,2679.5104715330444
148,3184.439614839576
149,3559.577617287849
150,561.9945525904673
151,993.0163366064837
152,4063.1998677357788
153,2331.3668384467583
154,3053.372526963159
155,4240.70978597296
156,4198.689715637441
157,1576.3655852620934
158,2018.535649899548
159,591.739248184975
160,2528.1403638367356
161,1461.8504407039713
162,315.9041422405508
163,2336.925501137241
164,2258.4892333721195
165,389.5509406780909
166,656.2876751191257
167,570.7531226505687
168,2959.8984726469575
169,5699.77916976478
170,688.7135676864372
171,2828.5751697554147
172,905.1226555680473
173,3210.5748525275635
174,650.7759221344655
175,2252.4722048810204
176,1031.0273732325438
177,1273.9048655932088
178,791.8137823978377
179,439.13884311147535
180,807.5914491469464
181,2273.611590040154
182,2129.868049473242
183,2809.56661817507
184,4764.851475994931
185,4040.511852366203
186,2820.3557639743985
187,1846.8557521523617
188,2295.4503877498837
189,3355.0658539795854
190,2648.3804712224783
191,3084.38684375358
192,2490.7718862107668
193,3216.6635957238004
194,1625.986029630003
195,2468.3476462092194
196,929.2404227379366
197,3279.7334018548077
198,3138.4879672314983
199,2753.1264047912505
200,2438.364023820854
201,3233.86051383698
202,3171.8368926027806
203,2283.3029854782535
204,546.2591653770933
205,3933.759504407459
206,1256.9824533417463
207,4073.7373937365282
208,228.20550236374896
209,2515.988368256908
210,2720.0323804996106
211,690.105569269298
212,1749.0572292021518
213,1356.7788108502405
214,2802.007683857456
215,918.404107312074
216,1549.3113347363205
217,3123.1075915375213
218,2487.8639513757107
219,1266.4238265230322
220,1595.1756235381063
221,666.8775802741791
222,2317.6103132021913
223,3063.075961754926
224,1395.8413563724744
225,1455.3647278158937
226,3368.026113449686
227,2920.1003006914298
228,2611.6147998026718
229,3196.2583875902615
230,1866.8668101121907
231,2212.4878259016186
232,1849.1344844438179
233,3211.5054493896077
234,429.67159202320306
235,2668.921866317611
236,2716.864339973803
237,3372.6319398633086
238,425.77264314902465
239,621.6375907439805
240,977.4747177393992
241,373.61777632165865
242,2244.9730103200263
243,1999.349605287271
244,3155.151812987437
245,1416.9596092651368
246,544.2073588295322
247,2266.7382730569884
248,4044.696693356045
249,473.4671764130135
250,2339.4172280304183
251,2634.2761086138817
252,3280.708341468489
253,3040.457158596699
254,2794.6269797270497
255,915.7218622389165
256,1484.6095273768071
257,1109.9917216124122
258,1880.3723074348886
259,2906.346656904829
260,2739.8167994042883
261,5578.789020155334
262,332.70003853807793
263,2370.632083248771
264,546.1967815395117
265,2641.1486200280806
266,-0.879553635183207
267,2281.0053687770014
268,370.8429147622858
269,4176.771687240463
270,1134.7550489969879
271,3252.959496541384
272,3160.903481764085
273,924.8015815064016
274,2221.8406384290615
275,1994.1127479750976
276,4252.896843199959
277,412.9520805430037
278,2892.32762350739
279,3508.205858326083
280,3978.346763590901
281,756.7326343062977
282,1625.8375023699991
283,1997.098946465172
284,3745.3748336590693
285,2351.9027851800556
286,3018.41691396445
287,3687.5759227751837
288,1737.2195305241808
289,2306.362892445187
290,2039.148144715556
291,1049.4005572693927
292,2111.8455744738126
293,4389.781982787374
294,1069.6675525755477
295,2069.4688103861713
296,322.06376665173383
297,2418.3601336527618
298,1326.9825399970573
299,1806.808085530939
300,1644.4946712646333
301,2284.3680198160987
302,1763.4971674300455
303,577.7058265080739
304,2879.9570064717996
305,1191.0646774590105
306,2069.094498541295
307,2514.0526956591316
308,678.7065790369443
309,4592.500576100653
310,1705.2447449032838
311,984.2059647428291
312,2390.0469225269585
313,1291.8903616685739
314,2024.4525881953987
315,619.9399678599722
316,2516.952550930483
317,2695.4877266572903
318,689.9499340259708
319,3266.037774762068
320,2115.101019764051
321,785.8343098605202
322,1899.1901464180296
323,3202.436689611205
324,814.395750624111
325,2790.2275189624725
326,1736.1895772172707
327,387.27718384299857
328,1739.1917941536126
329,1583.568541154168
330,1225.5780184318223
331,4002.4038815215417
332,651.0494427200438
333,1783.5038989845198
334,6550.028795189956
335,2756.632721277271
336,1704.250331518059
337,4728.321146078244
338,2748.9503214392735
339,1759.0449970784596
340,3081.8502284581336
341,669.6956886337246
342,2959.2607180289656
343,1399.834329004608
344,690.8666352351067
345,623.5052888654845
346,676.6392936072076
347,2498.831362323393
348,656.9101599127928
349,4220.060038357319
350,4168.456035511911
351,3802.508064281796
352,1671.0698995231187
353,4200.730582375644
354,335.72812078220903
355,3048.990964760602
356,244.57043135188462
357,1229.745778071158
358,2518.061477056253
359,2787.951131567973
360,294.85144298300474
361,2681.1413790759852
362,403.11670638183745
363,1663.344840667052
364,3984.128133328586
365,1840.2024354239725
366,4075.6760531632444
367,330.5534658386614
368,48.075737550475054
369,2686.708751406189
370,2173.385004547291
371,3179.1629902662157
372,2447.853845263703
373,2297.543781257535
374,2607.823006900286
375,4734.999704268444
376,2012.779663900198
377,1625.5661164839607
378,1591.7735166028117
379,1781.9568231473886
380,3089.1952149144436
381,1524.0229541694616
382,2083.300220302368
383,3932.892644010888
384,2747.669904567275
385,2537.416175985977
386,395.17618470046295
387,554.2644065913418
388,839.7120754976986
389,1318.1932943108743
390,3609.587911067955
391,2687.47442774062
392,2468.8103048356843
393,2915.408862430054
394,608.4589328104871
395,2407.4560090035934
396,2693.9496861041425
397,3814.1587670087197
398,6062.5596012654305
399,4617.33806074098
400,44.272845295015784
401,1413.4175237160484
402,2869.053906835759
403,2354.0287704540606
404,3217.4508715331376
405,1935.527529832155
406,3624.90378281334
407,684.4052449445747
408,3157.4371671681984
409,3045.9951911550215
410,5799.669302859377
411,4310.909771987477
412,1684.1576569762956
413,1064.5598155460625
414,1984.5937590404328
415,107.85724273260655
416,1106.586566086626
417,1759.2003027834312
418,241.6437717227593
419,2754.0462496921023
420,4021.095873093494
421,1881.121403549674
422,1805.9685425719422
423,2764.1539745242776
424,630.5498848471022
425,370.78689578334587
426,859.3066502076188
427,2479.824108073389
428,2711.606187426965
429,3222.4455868052273
430,3254.6939164709197
431,1676.6105406543813
432,1813.2159934997449
433,2402.3750446135173
434,2329.618126122819
435,2332.556454590861
436,2488.745416884126
437,704.3562555322651
438,478.0745174011672
439,1478.0083540127332
440,929.2331400482203
441,1685.0447039159724
442,912.5931570251638
443,2603.8976905785607
444,3611.7337721956906
445,1610.3470511608082
446,2466.6130066732226
447,2036.0039894003044
448,1334.217480148141
449,2509.943099919131
450,1770.7411868897825
451,5116.414497371521
452,1816.3956024318716
453,1969.3976603679037
454,3774.48183006087
455,1614.85879709427
456,2856.866790860557
457,2384.2901275198537
458,1232.5783263950605
459,3351.2631295006054
460,2495.477343445803
461,336.62464365613863
462,2924.621700029569
463,2963.701131486821
464,2027.16839207065
465,2388.1569104162872
466,1665.7444502539556
467,1845.3998471037976
468,1981.1368030669673
469,450.1961332095153
470,3161.2583698191306
471,4201.446690330007
472,3942.8880006852323
473,629.4180595413908
474,1067.0652167597082
475,1750.9176444035716
476,1928.3563277549326
477,2824.064778450563
478,649.9164654854984
479,1845.2872187506684
480,1812.614031041992
481,2282.2492490823593
482,3622.8934593373965
483,538.5769034938613
484,6062.033407396827
485,1859.8830111118598
486,2784.4519447834
487,1434.8097221222324
488,3924.4250329447786
489,436.45442528505004
490,3297.9275076745243
491,1339.876395318991
492,324.4540647398316
493,4264.715308640269
494,2727.9216221843208
495,1300.9800858216763
496,2132.99590068907
497,768.8407220499728
498,954.5387227865847
499,834.9382779084162
500,1613.351566271587
501,2238.0595958478852
502,634.7808552746151
503,937.7545124467165
504,386.18460742781934
505,5026.356796758811
506,4142.465370137718
507,596.7776730920775
508,1359.8335309126603
509,2283.4450636346005
510,2736.037172541763
511,3926.1669038809323
512,2111.6010109067615
513,2965.6155039943637
514,2528.7161896244347
515,1488.3330518082253
516,2784.8946028288624
517,323.71017609458386
518,4122.372402343453
519,2117.2029639832454
520,2815.5336697565704
521,1506.004488851069
522,1033.326693498286
523,2859.507809882461
524,1442.8901577297304
525,2843.936702844809
526,6049.986112227777
527,914.5634812652953
528,189.53557606871593
529,1351.3120030512134
530,1253.8951465073992
531,753.0332252200309
532,3597.286761047488
533,1957.5752149866248
534,1823.5285642256838
535,2852.338601523087
536,302.1125801123862
537,5077.443884675985
538,1399.5501121551497
539,3954.671242059523
540,3787.392813370429
541,5764.559689151633
542,2140.012333148288
543,3080.0512359857817
544,1520.8599553430192
545,1854.8125215379268
546,2738.2569017715455
547,537.5608518861475
548,936.3543430989279
549,1647.0935399755208
550,530.0899502202806
551,2403.9712202266287
552,2011.3428501518001
553,2796.0356846101076
554,2792.2276266329504
555,725.2757211585782
556,235.82051713419935
557,1482.7703220635683
558,814.157843390811
559,2113.4201199414906
560,3127.060691739095
561,2844.135203618181
562,3181.559413542104
563,2680.28235864923
564,2656.3922125880413
565,332.4920739909832
566,956.115116486289
567,2404.6256735780903
568,4048.816612009613
569,4057.9051081257503
570,1927.391891870646
571,1423.4712074508648
572,1910.2489330614367
573,378.3626928248239
574,1668.216858012085
575,4773.04269137531
576,501.8581621417734
577,1569.4684664409435
578,1542.813935154463
579,93.24360436524165
580,2499.5672010353114
581,275.4577647028882
582,1014.4478745719259
583,2375.5777902845803
584,455.44143124933885
585,1731.2572567775537
586,1565.1890604730893
587,122.74307278714477
588,940.4721784104571
589,2002.4637612235497
590,2418.093740104392
591,306.11441592929367
592,372.36838664388307
593,1894.4110568733843
594,2659.1483923696596
595,1510.249982231396
596,2130.876195032482
597,1517.932272847253
598,1474.2652415952625
599,3485.08578702482
600,511.05507284232806
601,1737.9300601664925
602,2492.616758891498
603,1758.2628706709925
604,1232.0922794825829
605,1112.2046913794666
606,4979.722198235341
607,3275.604490614703
608,1852.3527124690559
609,2141.3567327147543
610,724.7060971261161
611,145.07475826083805
612,3735.295716578189
613,1873.320253494556
614,682.285059038416
615,2809.2135393040467
616,2562.8351424500374
617,1506.4822819184078
618,2991.6435745438703
619,2835.161877330634
620,1956.4955833788317
621,2256.708947596138
622,362.49182501265244
623,1934.9225705245353
624,2789.3094557094537
625,1236.8520601313649
626,3179.0806067829844
627,395.6554759129203
628,3793.442851524672
629,2511.639875973014
630,203.4194745090357
631,202.07290061633944
632,6830.167647309888
633,1982.9949625132322
634,933.7122714627527
635,1374.312755287511
636,398.50286056944094
637,2928.5234840511584
638,1489.4879525452984
639,2405.7849075090744
640,5484.811970315052
641,393.4342146009644
642,810.1854589258973
643,2394.135515708278
644,49.786025050861184
645,2723.235494258201
646,463.27044523485495
647,421.17769334577343
648,1456.9094729813737
649,1909.779795019654
650,1075.980789850025
651,1696.865053305557
652,1897.246712280231
653,1795.1920846798444
654,3795.1631736788004
655,3380.8571528325565
656,642.4397694172887
657,488.7584203800884
658,59.96611481266346
659,4106.589117220387
660,3266.210410755483
661,2585.62393313828
662,469.58488566271194
663,532.8160025853156
664,3063.844012878812
665,2368.2290296489127
666,2775.519395384787
667,1490.251741611137
668,1845.3950632426247
669,1995.7581574980077
670,657.3527068746282
671,460.2962107974373
672,3156.658923185882
673,4506.28060650423
674,396.4747946088772
675,1962.9703708187922
676,1705.6898740264344
677,2401.5164379250505
678,264.87605073085126
679,4846.721360001067
680,4034.2693668642232
681,2495.833432425372
682,3478.503437899382
683,4135.720780214531
684,176.49674619200695
685,381.630893808765
686,1522.2700991127595
687,3079.706007354286
688,4773.173868024881
689,1114.9559951276033
690,1453.6109200870765
691,1691.4659875785476
692,2634.1573459672836
693,2075.5649729806523
694,1767.7307154910006
695,1390.4569649075963
696,5893.543253244398
697,3495.959750815318
698,859.0991162009304
699,514.6695941020591
700,1795.3785398302641
701,1594.4616709132554
702,834.6198007165378
703,1664.181311331234
704,423.5751888423661
705,2592.206788826139
706,1872.8628151325788
707,3195.528784702427
708,2538.125069251929
709,4046.6957102487204
710,1015.6687964842147
711,2358.4199487409032
712,2273.579830468814
713,1667.3641660166907
714,2540.1441606631743
715,448.8983827911245
716,598.9429188346639
717,2810.3586143545244
718,2191.7338581001122
719,2270.305651054308
720,1382.9638062128276
721,2129.2555912003886
722,4120.160959667392
723,4273.970166503046
724,1899.7696326218386
725,4650.771777467417
726,3345.8800853391094
727,1924.2211615398
728,351.05944885001037
729,3186.500142616229
730,2864.1037986048764
731,2338.9430426046247
732,2689.9906100901153
733,1350.3263341337433
734,1009.8372883217296
735,733.3838290963026
736,1851.1012089380615
737,2634.6945537935853
738,2895.4024423735855
739,1977.021720920563
740,1106.5005004624995
741,1733.6948268813605
742,3624.247045160212
743,452.5356611272284
744,1979.4769730592552
745,3042.782038819432
746,2010.8850543671301
747,294.0383394881034
748,2779.645300778846
749,2846.955359352038
750,3673.5376804247994
751,1477.951390101775
752,2391.7439580094856
753,4303.736484599483
754,536.973435494004
755,1448.3096723187105
756,1657.9942965609453
757,2641.1961661790565
758,1601.1961292940166
759,1830.9841531846919
760,1678.5079693792381
761,5193.426145942229
762,1761.297410288199
763,5941.659663097821
764,3092.46706061773
765,3837.0104421758397
766,2377.3488664619376
767,1682.8499137034803
768,2782.5530162418536
769,5688.810069760909
770,3099.33606276414
771,3575.3139127072714
772,2223.929252399666
773,1610.2576707074281
774,312.4873903821396
775,4627.7942025730135
776,681.2334569688983
777,2884.6435433273396
778,2279.6913048760994
779,82.66234825713659
780,3818.1567703570713
781,733.7274159027735
782,4036.4510490909597
783,3084.890778699074
784,1389.7750794232259
785,908.1549206972836
786,417.61193729193144
787,4134.654881862125
788,2289.6447591166916
789,2634.637304289528
790,1638.644633510708
791,3390.9305036996193
792,2761.1511314731692
793,1695.8677616309278
794,2499.7631331583248
795,1422.8216975239372
796,4736.174344242837
797,1683.9833777912172
798,214.04370309546852
799,3812.064935729789
800,1526.067053639906
801,1150.7789777928156
802,928.0232165998586
803,2496.1518384976257
804,1420.1430513946316
805,376.54475979476626
806,4048.461077204971
807,3007.8689618684384
808,816.7132493414076
809,4124.699876049679
810,3616.0528276964483
811,174.81905899540462
812,3013.482424844023
813,2378.4540969508785
814,559.966554706652
815,2374.0740305751674
816,2705.7708020612354
817,2439.4204127936932
818,3850.0310794641323
819,3282.1090312309243
820,2001.9446495790735
821,5076.513093478724
822,2832.4520592888425
823,2673.851976310269
824,1404.8663052382424
825,1398.569532551804
826,2398.490835063992
827,3538.4351086521337
828,571.6656818423739
829,6327.410246490085
830,1342.901754744026
831,288.57716999387674
832,1584.8437374886603
833,360.92064563503806
834,766.7966061542281
835,2358.4848552928956
836,79.99507263907367
837,3596.2016240722864
838,3308.5320142469827
839,2234.4104691009984
840,3698.4083026582493
841,1241.61473503902
842,3385.894039690482
843,1545.2842227708754
844,3046.8515528921175
845,3635.4707940312583
846,4704.053512581489
847,2586.5234917754965
848,2574.3465889326403
849,279.3242887012778
850,2150.589946281642
851,1406.5645920520863
852,2025.562716996743
853,1960.2020153463393
854,2902.7610606370476
855,37.930553759789646
856,3851.168848219433
857,1778.5111182072849
858,2543.969884047177
859,5155.148233521081
860,2850.5702178667507
861,2764.3203795506024
862,68.6140613022504
863,2696.807778382022
864,3585.1232959312956
865,313.4317623621583
866,1536.4905301572069
867,672.452178057459
868,3560.958028133834
869,92.77905841201104
870,1757.0281436000907
871,23.487796359130712
872,2377.179115844681
873,1919.1991227520618
874,527.8022898979493
875,397.7249206506847
876,3033.38767756787
877,2449.2081873198413
878,3607.042247713199
879,3152.8020411577104
880,2258.114282291902
881,1681.0519781425653
882,275.2391208804362
883,155.3659913900288
884,3726.7921158443314
885,1783.560132158995
886,6134.382876610279
887,2812.605921955802
888,378.8055826739818
889,1567.6529530613775
890,2388.9379341364333
891,511.87480166588034
892,556.8288555058268
893,4285.549578342346
894,1386.3680129535958
895,1286.1436577383488
896,2880.7806547083514
897,2324.9197334828855
898,3732.172885497
899,3179.205969410479
900,2977.6791788298465
901,4101.043524194045
902,3036.4937257695515
903,425.3630811969747
904,2667.031264028456
905,3106.770477351328
906,4892.909266082982
907,3267.027933052534
908,4222.469929874551
909,515.6994064678998
910,4073.613109449104
911,1434.2485282542846
912,4109.448320890629
913,1732.9850230246448
914,1992.3321000457445
915,2564.716992692247
916,1889.733859680968
917,1444.2185207772145
918,2900.9946548118646
919,4056.7926779308464
920,814.2565088589221
921,406.94715366371804
922,606.390621895488
923,3395.9400592563497
924,1262.29108698276
925,3482.296534587311
926,293.78069148631437
927,2544.945232449852
928,1982.2162022587681
929,2327.8842371204473
930,1052.8979963535705
931,3019.850678771841
932,4051.0262447536015
933,1016.781150343988
934,4290.238339439106
935,375.28502372967375
936,5341.552687773173
937,2743.032500090051
938,2684.4391644596685
939,1219.6464117737455
940,1782.0489332021884
941,4061.381223431724
942,661.4063128109497
943,1747.4238587798927
944,2936.039833113405
945,4966.7182975074675
946,3671.771296310078
947,30.823217098800413
948,243.09923854382856
949,1374.7589039263573
950,-62.51335681772099
951,793.2688684688718
952,363.55234201489
953,100.70231632243679
954,2511.816469102817
955,537.6503009767684
956,1622.0144165707752
957,2691.9098565327495
958,484.5523538384318
959,747.7031995189068
960,2620.9065936589022
961,2532.121954490677
962,2683.7225956812877
963,791.1757984191878
964,1565.6013882209597
965,1752.9659683748187
966,338.23408626263534
967,1814.4551859843766
968,1370.7599015801454
969,953.8925023566371
970,1218.3568219748106
971,724.477622641337
972,3113.2698028476293
973,2990.397046798136
974,4233.8422640771205
975,1002.5662638072708
976,512.6592498528256
977,2594.4487865348824
978,999.6965826573969
979,3.0862658642575838
980,4887.491662098349
981,2690.926997610252
982,4163.871159619542
983,273.40617970251753
984,1237.170632707789
985,2539.8575613576973
986,-11.416278802439436
987,3569.2571351454903
988,1816.8577540365854
989,931.4969423553923
990,2433.428261104407
991,1929.214723195798
992,1172.0924458964328
993,4109.435881530354
994,5514.139488441463
995,3034.3306046545645
996,311.3293117312884
997,337.92539416715533
998,2709.8715915872053
999,2521.999101222639
1000,1487.6530026567366
1001,3514.6764349492014
1002,4543.653790497657
1003,239.08803698749296
1004,2397.2836155341543
1005,672.2972624942751
1006,4273.575846334221
1007,1407.1874842134778
1008,3701.821116935481
1009,2004.398031409878
1010,2335.9537686693707
1011,2541.6946773293967
1012,1994.6845229871005
1013,2893.657436495808
1014,4201.258109233934
1015,1988.9088322759735
1016,5997.068079847943
1017,2450.535029376454
1018,639.5885662801072
1019,2207.611176575745
1020,2679.167720938624
1021,2383.9501274905087
1022,1883.2040904397356
1023,3063.1028534754346
1024,2558.3116318594307
1025,3879.8245799693573
1026,4130.510534030119
1027,1526.745231669619
1028,1726.59205512944
1029,838.192282814695
1030,349.32039786285014
1031,676.6221849732162
1032,267.70106744639924
1033,2294.1048863546193
1034,1870.0977086230769
1035,3073.247605636628
1036,3961.176731688756
1037,1504.480842951271
1038,3003.535185163444
1039,4181.717307680267
1040,1942.9047084606
1041,2676.524245009466
1042,3762.0586834767787
1043,2331.3886889750547
1044,2848.94786051324
1045,4132.216581092324
1046,2028.6235801305465
1047,829.4668636581783
1048,1397.7024322337681
1049,3071.928369942588
1050,2362.194125802532
1051,947.3753615422759
1052,3449.423076329765
1053,1944.126158263306
1054,2122.4221583421977
1055,2966.4843968934165
1056,3110.1601766344
1057,2701.03745645011
1058,3585.6362547592976
1059,337.1524265808927
1060,3916.7875996183
1061,246.60611986241543
1062,3168.6126882463986
1063,3210.172213147017
1064,3337.9983587212473
1065,3285.1138533057488
1066,2105.529551372517
1067,2897.1121247184624
1068,1989.4637769511378
1069,4205.404912406028
1070,5835.116444702578
1071,2916.435897978433
1072,345.79514800728333
1073,3523.936906859786
1074,461.5769416339766
1075,3200.733923419635
1076,3821.029954684637
1077,836.6792161042965
1078,2396.3777813211273
1079,3155.3828051154405
1080,2725.6248395844473
1081,443.78912797314115
1082,2853.4994538642245
1083,521.4358428406713
1084,1256.5969977160548
1085,4319.015495816071
1086,574.6848026872458
1087,3003.419312069026
1088,449.48569416201394
1089,638.6188726515131
1090,611.0840338782654
1091,2189.3482783796057
1092,1988.9251818558832
1093,913.8652341138368
1094,683.825166928712
1095,3413.310841819968
1096,1418.190585830198
1097,2144.554875670491
1098,2683.84375084581
1099,2723.1171776720453
1100,1621.1887111259334
1101,2573.0592201642326
1102,3206.4217711189126
1103,1845.866060569083
1104,571.8467321810172
1105,415.77164448799226
1106,1902.6533538432848
1107,547.2076859714102
1108,2005.6092759104877
1109,3783.470488579456
1110,3499.591092460446
1111,2454.3449821651116
1112,1673.0344449428937
1113,2103.8819340022987
1114,3204.910309045662
1115,205.82053552995217
1116,3164.5133521692296
1117,3818.464754270756
1118,3957.925768713497
1119,194.93798116591967
1120,1362.4768380190426
1121,348.57425209711096
1122,745.2705128287009
1123,348.96401868746426
1124,2843.2984569849414
1125,1301.0497605312414
1126,614.758999193938
1127,1743.4678777220813
1128,1812.464260751538
1129,1021.1046890049645
1130,326.328678890686
1131,1641.1797492143464
1132,3132.2233970606126
1133,105.35958058245498
1134,1378.3804624457746
1135,2988.018328914897
1136,1381.913133520063
1137,1007.9514787047126
1138,769.7641983907305
1139,1968.2560369719965
1140,813.312870218856
1141,558.6926297366422
1142,2384.222591636159
1143,316.26079485605896
1144,5130.380683875154
1145,2042.6792309012276
1146,1896.752097510429
1147,1322.0688312321047
1148,215.92242591457818
1149,5757.298189472002
1150,3557.581758054669
1151,2699.4448339189335
1152,315.8085711986183
1153,3056.3327607575657
1154,3452.877010292005
1155,1457.1094318801613
1156,2787.525229189436
1157,1968.1293878409024
1158,3441.406473915745
1159,1456.211320573334
1160,1450.8578504476493
1161,1002.3634495923307
1162,2666.780200525036
1163,3824.185866341686
1164,5441.605207850272
1165,422.90572567726645
1166,348.7098884799164
1167,1363.3256085766045
1168,281.7178518725588
1169,995.9144268434759
1170,1573.8559128762126
1171,4972.28568856722
1172,4226.554918795919
1173,2409.958889300155
1174,1508.3799770684145
1175,2572.61756764926
1176,2701.874844487677
1177,1594.5306734353103
1178,3091.1635933666453
1179,2547.2537480505944
1180,2116.5795412940574
1181,1543.231330906991
1182,4829.0285093738685
1183,3214.45979191117
1184,1260.5014306110645
1185,2534.4004591631015
1186,4636.031706976125
1187,3434.5263745142634
1188,5747.662000703983
1189,681.9289952001011
1190,1635.528083601845
1191,6074.18287850963
1192,1582.400675200845
1193,1688.3104415495372
1194,1075.391190131902
1195,2639.6955369716648
1196,1509.4102593331916
1197,2277.3785314993934
1198,2528.6770599612773
1199,1962.672896938316
1200,2511.245602638611
1201,1743.8432800628382
1202,3439.8660955150895
1203,3322.5261513704477
1204,4004.8402876612677
1205,2016.3366946590468
1206,294.27898644138605
1207,3305.234869160271
1208,986.9624723139054
1209,1907.231744411541
1210,1325.6315248764158
1211,2088.6258143531477
1212,4306.960391012822
1213,4352.04273798941
1214,416.2987588110001
1215,389.91364411352555
1216,615.0932512370241
1217,283.8416902341816
1218,1225.6115455741187
1219,1662.5041135861456
1220,4332.532645531425
1221,631.1800437380887
1222,3300.700259194694
1223,2995.1234523219887
1224,2912.2687199509405
1225,3399.7573443796387
1226,1618.3383896790856
1227,518.807954297972
1228,2233.5056488699906
1229,2386.377848781331
1230,2449.641807248658
1231,1092.9764297183988
1232,3483.5537207459015
1233,824.2186952872247
1234,2051.22571958558
1235,1697.0765601551998
1236,4806.524128487575
1237,993.9000380658947
1238,3148.6201208400207
1239,2020.2728096611495
1240,1007.4938484080576
1241,3146.285411147819
1242,1601.6724210309135
1243,1950.304561935314
1244,817.9684707172387
1245,438.7584636912609
1246,1680.072104066281
1247,2340.4339054460365
1248,1627.8808451906432
1249,2185.5674449365874
1250,201.47265601974215
1251,3936.54061640815
1252,4423.668216030414
1253,1349.5117980699818
1254,2836.862206379978
1255,2933.7721907280584
1256,3653.886113324759
1257,3225.3625666512903
1258,2813.3261265610213
1259,2349.8734247011316
1260,3207.4681460359816
1261,4050.139141790256
1262,3716.458507390957
1263,1584.587940053503
1264,2440.37533067171
1265,653.9434020767883
1266,2764.7063008738983
1267,3492.4140239128938
1268,2529.1766172878674
1269,2077.165578678482
1270,1584.5116064930953
1271,1438.5043599569772
1272,2459.9860032264774
1273,242.30604562324538
1274,1833.7934993474416
1275,2181.0290525949167
1276,1628.517381659169
1277,590.7161631432077
1278,411.19809441088205
1279,3170.7217538465443
1280,1705.4170902186966
1281,1096.909287464947
1282,511.4261764065884
1283,3563.154377630541
1284,4227.543077453981
1285,1923.2501322465314
1286,1022.7579453780786
1287,527.0015489180804
1288,2836.952889300523
1289,1667.0523977853068
1290,1939.7976878320878
1291,3005.319002913178
1292,1493.7656850378753
1293,211.10556316887335
1294,1598.8935239014634
1295,1986.9175599304517
1296,1944.9862286605098
1297,4113.810598734277
1298,1736.3398391003602
1299,2845.0130044276757
1300,2737.5093897763877
1301,3005.091170733015
1302,4859.656967290614
1303,1854.781174246652
1304,846.4719637603007
1305,310.3600972403307
1306,615.7574299664896
1307,740.4969725213915
1308,2108.6605162200563
1309,215.03922329544122
1310,4496.979447278067
1311,1463.0828948281887
1312,1404.5683422241448
1313,1713.5268959274583
1314,1756.0262501920743
1315,1265.3614287841763
1316,1506.4532100419854
1317,2868.814472571349
1318,322.3810854351683
1319,3151.4419996573165
1320,3339.490611227653
1321,2662.098417959459
1322,3742.445380815418
1323,3950.509715515755
1324,595.4895267061873
1325,2468.8561750763924
1326,2517.385607223049
1327,2424.2616814676962
1328,577.3335995271256
1329,1238.5667918252293
1330,1585.7501765441295
1331,2724.8238564037706
1332,263.9481788524803
1333,357.8616499289099
1334,975.989585998188
1335,2244.0828253014
1336,2435.20236689889
1337,2297.7047974692105
1338,5151.565789294171
1339,4185.118152806255
1340,2402.2518877560087
1341,2959.2124545707225
1342,1145.8337517650334
1343,4861.763766305982
1344,5698.920481708145
1345,561.0190300477908
1346,2374.823634459489
1347,2238.7208287663734
1348,4173.4702703529865
1349,948.6879085420951
1350,3781.250063776089
1351,599.4290268640015
1352,1486.1191896247317
1353,122.97017718497784
1354,1090.6275926356311
1355,171.22368469097609
1356,1471.3267389920802
1357,3049.668517108274
1358,2164.2976040525577
1359,1971.26260747888
1360,3796.2299112885744
1361,2805.6869867559717
1362,281.3894772083871
1363,776.7883718663605
1364,2475.2432987909383
1365,526.1873730364289
1366,1461.2302846568089
1367,2827.315611287675
1368,600.6434914652123
1369,1281.4140466742551
1370,2445.9558855472987
1371,2682.0897993487265
1372,817.6920169584973
1373,818.2366573749869
1374,2244.9501647628676
1375,1482.2076863628122
1376,2309.9158383560944
1377,3406.239464063049
1378,3180.2022762288693
1379,394.1396802185997
1380,3209.7937672760754
1381,3198.363882717592
1382,2312.9454891717432
1383,428.6345678805783
1384,2597.5233765551543
1385,2849.4697538292808
1386,274.5444202275228
1387,367.10639162955584
1388,-29.162194054008545
1389,351.2731733153499
1390,120.16853070004987
1391,365.6632271173022
1392,2656.366490559361
1393,3201.100645545524
1394,1969.6489083614515
1395,37.2772951730615
1396,713.379588512883
1397,2875.754713422324
1398,1398.9458701575616
1399,1553.8762853502842
1400,1383.3658119655197
1401,956.5137184597872
1402,1186.0109116742015
1403,1305.2361389343341
1404,4255.996398861795
1405,2318.758510511396
1406,3659.511796891023
1407,3954.7402402570397
1408,4766.640143510699
1409,1886.875675649562
1410,1505.581205614586
1411,2657.8971120875103
1412,1908.2199836435718
1413,1057.3941156395817
1414,1718.6323411041276
1415,3342.339454076572
1416,228.6338742698889
1417,1800.2447609279795
1418,3078.475114531604
1419,2331.6927458734817
1420,2779.024144316373
1421,3961.130303472221
1422,1549.0074439695943
1423,2137.4096235761294
1424,1380.3560490012392
1425,1452.0907905599688
1426,1030.3657090750883
1427,559.4855453010834
1428,1689.867716753011
1429,716.6839297667043
1430,2366.386440598999
1431,2192.943566892478
1432,355.78634143165044
1433,2999.2407709590857
1434,2991.9637378614498
1435,5214.571588589771
1436,2447.958525002692
1437,2150.326757865602
1438,656.7922587249714
1439,2629.537915266106
1440,2331.976784590669
1441,2639.0503263033647
1442,615.9671053275806
1443,899.7766717376481
1444,852.9021043538688
1445,1795.9998838010754
1446,3582.9104217307895
1447,3209.4105218046175
1448,1012.5630139309585
1449,2393.2617894826662
1450,2510.3863046226656
1451,3517.081785534463
1452,1419.7824056633274
1453,928.8890447431471
1454,1595.1113547874536
1455,3072.3301975189333
1456,539.0145250616315
1457,5223.532804126831
1458,799.05223003457
1459,4287.064676690779
1460,2569.618929705486
1461,1789.7188932594947
1462,2384.952006978746
1463,3279.8404726963236
1464,2581.3670874331547
1465,2676.1280775454197
1466,278.69031881119435
1467,1996.2501899083072
1468,3702.5726116799215
1469,2730.122718628555
1470,263.62924925172115
1471,2002.7785515064893
1472,2289.8975706175515
1473,2651.3812290864557
1474,1571.6677291789779
1475,2270.726894525839
1476,1435.0359484947592
1477,15.303966762731974
1478,661.841677183312
1479,2359.796077576438
1480,3195.3352697048995
1481,1842.4495436534678
1482,1605.2298439804567
1483,3186.995761390881
1484,3690.5059320402675
1485,2049.8852363758497
1486,1357.2247631611635
1487,2518.600964126171
1488,1189.8964305079598
1489,741.987016131973
1490,562.947458637983
1491,2973.2656871499776
1492,852.5596353213999
1493,1288.2073034890022
1494,4042.003841836503
1495,1446.4016757662766
1496,3840.9596012183874
1497,1239.2873396887114
1498,345.844978885889
1499,168.59245553744256
1500,2343.7805179353586
1501,257.4270198979968
1502,2156.2612673774975
1503,1310.5265127809073
1504,291.1849500300374
1505,1491.211745319218
1506,3088.231683304963
1507,2781.1506115535444
1508,550.6896400223982
1509,3342.5701576391084
1510,2602.483127907268
1511,2614.6134411885546
1512,1972.400588928389
1513,3309.0650445117953
1514,4042.2726181468643
1515,1077.7999439104458
1516,2858.7743722192026
1517,1808.0298592998015
1518,3859.0814286187547
1519,1476.3574523341872
1520,1520.867191473523
1521,3202.480901431016
1522,4010.1358132835
1523,2722.0377496276083
1524,2159.6926984831507
1525,3418.9566246321065
1526,2969.514650762709
1527,1794.4311379021651
1528,1860.752432546087
1529,3610.5893227340985
1530,374.2902321428062
1531,1625.1649576542004
1532,4336.521318856579
1533,3087.3160650519694
1534,1153.0172637286014
1535,3757.2401812547205
1536,5724.584612654989
1537,659.3090375892482
1538,2602.706527151326
1539,5807.322626880024
1540,373.48691008407445
1541,3823.5613133921647
1542,1302.5140459219742
1543,4095.225362058126
1544,4014.9181534117365
1545,3443.3445651957577
1546,2761.8461220996232
1547,1599.3704113898182
1548,1032.711532781696
1549,567.8114741474279
1550,1587.4633537506515
1551,4055.1329345278664
1552,2577.828595086469
1553,1492.8872276242232
1554,179.58608961088862
1555,4191.255654300942
1556,4311.53343284157
1557,3147.200841185631
1558,76.42125466947442
1559,2568.571679406978
1560,3017.266512485813
1561,573.0556625974822
1562,4748.874631959429
1563,1197.1667576148634
1564,730.025262373847
1565,551.8469346334663
1566,600.8765271805155
1567,509.69915815503555
1568,579.5104915689956
1569,374.7812952968401
1570,588.7983921791383
1571,999.6931434643457
1572,2220.084538509783
1573,2400.3606613870766
1574,3289.9370664995063
1575,4261.48496206096
1576,3126.965483023248
1577,1820.584417058143
1578,3694.7707665964267
1579,1602.8725974874112
1580,453.0873480508059
1581,183.8995314402441
1582,3110.363059249155
1583,1760.7027972154049
1584,3793.035118854224
1585,71.2252726045021
1586,4340.537563205553
1587,1672.4976378288973
1588,1695.7383906881444
1589,1976.7137490856887
1590,2073.6164234552675
1591,3703.6181376634518
1592,4715.71884323641
1593,1752.1396409548172
1594,283.68508070690996
1595,4893.6355879222165
1596,3189.03540423731
1597,5073.9574104499325
1598,543.4481529480914
1599,361.4744546368319
1600,977.3927755490388
1601,1058.430912010116
1602,232.9008632085626
1603,450.16240851492466
1604,1548.5623068390587
1605,699.1821923833779
1606,4154.775891021208
1607,2743.983065389378
1608,2466.92622876798
1609,6420.13167393037
1610,268.81398503686734
1611,2667.310297932619
1612,-54.49331749945896
1613,2916.8997539687816
1614,1408.2583289519614
1615,1064.6529536764992
1616,2364.9984634694074
1617,2403.76773596312
1618,631.2558136473524
1619,2529.3342714940304
1620,4548.484545807469
1621,2638.33599852653
1622,406.0246987894811
1623,1215.9056433253645
1624,2519.6614957663974
1625,1974.7451848273188
1626,341.85917089873305
1627,2012.8429441850813
1628,3571.032982049302
1629,1261.9121875884305
1630,1652.6536178569545
1631,688.52248605319
1632,-0.16557411939915312
1633,637.5717100231363
1634,2876.9515708445024
1635,4196.377393834776
1636,632.1191681301707
1637,599.1841426057307
1638,1701.1678940000966
1639,356.0204367131843
1640,1411.6238159706736
1641,172.9554839629771
1642,1757.5286104135132
1643,2797.2216494765703
1644,1142.0359633543103
1645,1658.5348697870597
1646,557.0905112523635
1647,1553.0713495597906
1648,1437.5767717114238
1649,573.7023555252454
1650,3557.76027968221
1651,4050.698597536022
1652,818.1141060755282
1653,751.9372957887433
1654,2283.4571857217634
1655,1450.7536778058716
1656,359.15014237566277
1657,1455.3803877658677
1658,1298.3360662973316
1659,2113.7424454083834
1660,817.8546197117657
1661,1708.4363107427098
1662,4226.784204856129
1663,2945.6275684576112
1664,2728.8843572141755
1665,769.5115326564987
1666,4320.552907194458
1667,2080.47025580271
1668,4182.2858581953105
1669,2678.474895838447
1670,1271.81673141998
1671,604.2351530921933
1672,1941.6943391878435
1673,2674.221479722583
1674,381.3959888229214
1675,3646.9942382180484
1676,1806.151846244007
1677,4198.12557203229
1678,1716.6621696234638
1679,1921.7591847132903
1680,1374.608774981855
1681,744.3506324068622
1682,719.3763819280598
1683,1953.1408002845264
1684,3453.993968343673
1685,3832.1195543692147
1686,2603.222528028734
1687,1587.10104025871
1688,3869.065795095143
1689,317.5364213764537
1690,5149.404767161039
1691,588.4089177411054
1692,1726.9426036890634
1693,2320.1875199874353
1694,4248.89571878081
1695,2134.44721950539
1696,1762.0051164740103
1697,3012.650924187979
1698,1306.6420938985782
1699,935.5138084252635
1700,1798.2551988826986
1701,4230.56993241597
1702,824.3182701808287
1703,355.4312555755211
1704,2302.757559262798
1705,3544.9752697283147
1706,568.9754713409476
1707,359.34636972766197
1708,3598.037658978246
1709,1271.7395778807472
1710,387.6415844518782
1711,2745.0460667882057
1712,2563.030046162558
1713,354.78853228372145
1714,2594.18841572446
1715,2412.843573827144
1716,1923.7113753775818
1717,2924.2134273725896
1718,2701.93230453834
1719,1417.9106339816901
1720,768.284638502727
1721,426.0143944613249
1722,1813.3778943180705
1723,3094.148561877426
1724,3042.5035906504327
1725,2304.328625093146
1726,2710.9695964610532
1727,3162.7094834568707
1728,1597.168785665461
1729,2919.0535330346183
1730,49.07674492922335
1731,1587.1533730044873
1732,4037.453340435658
1733,324.7304596431398
1734,-19.078472340723792
1735,4803.1385173676545
1736,1515.6879180364524
1737,5774.822734829056
1738,2362.433733548625
1739,1556.4820042970352
1740,4250.567249515378
1741,2379.73929513018
1742,569.7219271603417
1743,2556.3212623758213
1744,522.9579650336615
1745,2675.987640349701
1746,1767.4120989081105
1747,1704.7187743648965
1748,430.4181624267777
1749,2488.13301878719
1750,416.6701296910324
1751,1276.8146251492713
1752,5365.539684682747
1753,367.308339561586
1754,760.5000135283649
1755,2680.0228513728553
1756,2814.4407926782123
1757,2777.9160544766232
1758,2468.470439121215
1759,669.3804248561296
1760,375.6642554553338
1761,1388.039784298407
1762,1012.2449814594606
1763,-42.80990893297232
1764,998.8265949857432
1765,2195.1691461293794
1766,1834.6945717063961
1767,1640.8955507105998
1768,1688.1984487672507
1769,680.7833332847526
1770,1908.2532184515633
1771,2640.7705120056057
1772,2366.8356217642922
1773,2630.1308539880188
1774,1405.6270656637262
1775,3291.732842682352
1776,4246.979793213507
1777,47.857939850267755
1778,2047.0652076411966
1779,1473.364931572186
1780,5806.2098669468405
1781,2980.205815201257
1782,2956.0998815201956
1783,2641.0456571603645
1784,2252.2087110636844
1785,2891.8213352033536
1786,843.4033578239454
1787,2723.4873189568316
1788,4217.20339944711
1789,728.3784371088567
1790,3185.8948009028027
1791,2178.2543284870144
1792,1388.0228258838076
1793,706.3049948081659
1794,2363.922002776748
1795,729.3384002239385
1796,3292.565491726218
1797,691.9718364267028
1798,740.7900091455567
1799,3813.911820398162
1800,774.6857138784947
1801,2723.2519018231665
1802,2534.476849809553
1803,6037.604588464602
1804,452.7650457505588
1805,3951.9612037390075
1806,2678.9467991801803
1807,145.39198838843274
1808,1793.0786914048629
1809,570.0769489743585
1810,1900.4238132221599
1811,2527.771908604831
1812,560.6512385899374
1813,151.6404946020881
1814,2082.5486536360972
1815,270.23023536075823
1816,4937.592443418965
1817,4210.250788006601
1818,693.1289026893155
1819,1612.9976803345737
1820,1312.9041065707602
1821,1872.7315013174664
1822,1141.3588682265627
1823,1071.5280156707036
1824,2291.1759149582304
1825,1690.262235804642
1826,4695.559843885395
1827,725.537695098972
1828,409.30595257628465
1829,5736.670207555068
1830,2190.395935305506
1831,3080.1197074037964
1832,382.5566153472771
1833,3324.749831590295
1834,1441.654366916096
1835,89.61820979158642
1836,1653.8213734971916
1837,2284.278627410584
1838,2880.4032581896754
1839,4000.077093866699
1840,1006.4479672883579
1841,2731.934149737523
1842,870.6829711930532
1843,4252.887774205667
1844,1408.2671705639139
1845,1969.919495523712
1846,1027.9525839287799
1847,2792.308731415325
1848,1950.6733016869134
1849,3203.0362339208227
1850,2129.3773552465523
1851,2259.6678493199543
1852,1540.157255319651
1853,6033.5320730239555
1854,2468.6850576797474
1855,2552.2240535774317
1856,4800.298738520823
1857,1743.4439315968962
1858,570.8017171714704
1859,344.7449343540111
1860,1956.5419150651524
1861,38.27713586842502
1862,2011.320834070525
1863,1883.693138082945
1864,2904.766492353617
1865,2794.835901856822
1866,388.810019857947
1867,878.1780713926872
1868,1741.298089144071
1869,2542.1019582436547
1870,2673.50107419185
1871,1279.2716384969776
1872,1456.182657353093
1873,246.16652123921443
1874,2506.3289272018674
1875,6739.666353858737
1876,2671.133943286766
1877,666.8569033071665
1878,2574.4658878477976
1879,2077.060349151756
1880,2386.4453404733517
1881,356.8058849778306
1882,3003.0492229163942
1883,1725.4402459098776
1884,1055.2504056783637
1885,317.789130614074
1886,1679.307787445909
1887,455.06177373670516
1888,2887.691507872138
1889,280.62826312718767
1890,1475.742910079474
1891,4922.73417109574
1892,3667.3947772027404
1893,1684.0386034934927
1894,1388.479295011515
1895,3470.8348047669488
1896,2453.4020384610812
1897,923.6037107407467
1898,678.2286229946633
1899,731.854863669999
1900,3956.5517190582227
1901,2582.2165329559302
1902,2851.318242608755
1903,1681.429534920652
1904,3331.047587861136
1905,3664.4945551670485
1906,510.82725887803963
1907,3965.299388244236
1908,747.0591826993088
1909,3651.877654816521
1910,2389.2691206147992
1911,1959.269907318932
1912,1844.648526321341
1913,2722.8436274473556
1914,1220.9905849715174
1915,1432.2441452000953
1916,1292.5499734466491
1917,1359.936384276867
1918,1775.3030119026346
1919,1954.5384268856806
1920,3688.9286714346485
1921,459.42838436518605
1922,1491.2131107633966
1923,420.9166071577864
1924,573.6339645764024
1925,2910.0945150622006
1926,2567.01891766649
1927,3841.6771251550404
1928,1790.0809376137254
1929,2724.5769832537962
1930,6446.291171208936
1931,1046.6410558052357
1932,277.2625503837081
1933,920.9629134820162
1934,1732.0706941040523
1935,752.7110671058805
1936,3773.79013742404
1937,2911.5402333292586
1938,1938.6810146932307
1939,1627.7278841753905
1940,5886.161912595312
1941,173.71888861398045
1942,4097.23421674021
1943,812.954568605996
1944,812.9462130765143
1945,463.50111329077083
1946,3109.6157958213957
1947,3494.9846287248083
1948,2029.9249360941462
1949,468.2299013327157
1950,1348.918668897748
1951,4252.092704515519
1952,3227.9135409075348
1953,228.55277226602834
1954,863.5432639160371
1955,2714.265361592386
1956,4153.097855339022
1957,2021.3650851643288
1958,2380.84454527338
1959,1738.5568856383286
1960,1092.0894753161888
1961,3628.062925698198
1962,3056.256612139941
1963,1495.672051249911
1964,1305.846986939492
1965,2838.6904386407878
1966,1507.606304268044
1967,3433.0728386935534
1968,2869.0264351430624
1969,-28.348100935620153
1970,2313.3307758523006
1971,1292.6981479298017
1972,1200.2056070820704
1973,2276.5296685814833
1974,3005.819826676055
1975,1397.5851134157087
1976,3738.651014253658
1977,679.6201578303946
1978,3167.3739963844478
1979,3301.511156756796
1980,254.37226680481723
1981,4377.573684821263
1982,1951.6864949729406
1983,2337.9401823267776
1984,1867.835765830759
1985,2329.425318372792
1986,1609.760001303151
1987,1184.0796209004588
1988,1720.3013944929319
1989,3356.057237363924
1990,519.8116604182479
1991,1440.5750727058432
1992,3089.428117796601
1993,3761.526657840816
1994,2831.1181448178413
1995,3682.807585259151
1996,295.6339494975284
1997,765.8626592891278
1998,255.43167542267452
1999,4291.4694173612
2000,2384.102600324419
2001,4077.9186057034985
2002,4108.860704263402
2003,3122.5912715093978
2004,3696.564550501296
2005,3112.5277923432236
2006,1597.9562526725201
2007,681.4999493239548
2008,3589.0074679243316
2009,4288.012958040762
2010,3950.6209199473815
2011,1000.3886759281172
2012,3060.125214583509
2013,849.5051223328704
2014,1737.0116068003686
2015,688.599120557791
2016,307.62085929394476
2017,1260.3109238976788
2018,2609.95522304185
2019,2797.99886961119
2020,2466.0789603874964
2021,2637.120718410517
2022,3018.797033088154
2023,4811.50919676696
2024,1316.8356282814648
2025,123.69013502893162
2026,2536.3766655486666
2027,2456.4635021565473
2028,3590.6248276899037
2029,4083.6865351244196
2030,395.83726207610925
2031,336.2144123526121
2032,871.9693097643597
2033,1433.336264387132
2034,1406.2570368223192
2035,2261.5191582443513
2036,6032.3602968062505
2037,2981.8533665332457
2038,495.6918481680376
2039,4215.560552276093
2040,4236.282198237745
2041,777.0474958315092
2042,3536.8429309464486
2043,326.14872607916664
2044,3099.3814872348275
2045,2391.6093302141926
2046,3180.1227960955025
2047,3203.0362339208227
2048,570.4402668696196
2049,618.3712236874028
2050,4222.795778563777
2051,1551.8762322440384
2052,2403.8252007154156
2053,976.4530508304592
2054,290.389035445808
2055,2519.913611678765
2056,2793.3533205587532
2057,1837.5264217504368
2058,503.6031593490044
2059,4064.34698223734
2060,316.6604445594228
2061,3050.076362418585
2062,1883.127566738481
2063,258.6105688696347
2064,3345.8606707065046
2065,3554.70101541892
2066,2639.4552979428636
2067,3026.4759778668777
2068,2712.4582663489596
2069,2972.627578900428
2070,1657.9602733520233
2071,1919.1568220985005
2072,2604.1288975701445
2073,1630.7989597584522
2074,4011.456951080293
2075,2616.3155562748516
2076,2202.518588261111
2077,2117.3060419500616
2078,3688.7638494057273
2079,2764.79296736708
2080,1480.0629690276783
2081,1306.5106411100674
2082,2556.0621224794995
2083,2729.6217522863076
2084,2501.691051255345
2085,2751.697253527388
2086,3808.952808756235
2087,4192.698786148538
2088,2245.745496471821
2089,4839.271594432781
2090,61.96677365505103
2091,1542.1222085271388
2092,1474.963698229624
2093,1483.1505783180146
2094,288.63328900761945
2095,1906.449839494474
2096,1001.7627542659206
2097,1310.6693336668443
2098,5272.395168981847
2099,3948.3612989103367
2100,2981.414379968109
2101,2954.7810445152995
2102,2054.3194387202534
2103,248.4324900456902
2104,1975.01035420923
2105,1408.594781307951
2106,600.4871441287445
2107,325.42184404969123
2108,1389.5475693153999
2109,3309.3541629811007
2110,67.72953849735885
2111,994.5240754042459
2112,1645.7134522551455
2113,4035.9938863435773
2114,1222.721413876781
2115,597.567493355653
2116,-4.067448361017902
2117,4020.677381295755
2118,682.0364019537521
2119,1484.9309124465087
2120,1544.2768520491538
2121,627.9916378056926
2122,1618.739301429533
2123,2936.1331961071937
2124,630.2976624905523
2125,5299.066330936687
2126,3263.674835904901
2127,4108.4102288936
2128,4084.302843438385
2129,2143.5638835365094
2130,1626.3957485784479
2131,5370.733965449855
2132,2019.6286354991034
2133,1569.700724350164
2134,899.8939615817981
2135,527.325285370299
2136,2969.1139916402963
2137,2345.772446344021
2138,2467.5330441254705
2139,1633.0589467643144
2140,834.4714846399845
2141,689.5171049906564
2142,2553.2685721206494
2143,2049.8369390202374
2144,4242.901820851662
2145,2035.9733333860127
2146,3878.9270518679837
2147,2451.0009678802294
2148,3305.725968147139
2149,1708.2393257879696
2150,1068.464060738728
2151,1655.152441591538
2152,219.19795329302212
2153,3049.167509402564
2154,3873.6198826643085
2155,933.5975495841113
2156,1527.3637153624993
2157,2099.1960660137015
2158,2031.8729595172804
2159,2280.2349504869317
2160,1624.3294090696952
2161,2977.5860416894247
2162,728.3620659130073
2163,4937.879094426474
2164,1470.9742411311374
2165,5653.699393751759
2166,762.8991939917101
2167,1993.0605402149472
2168,908.4259931463006
2169,2648.644774260442
2170,3026.922276515998
2171,1804.0840264988278
2172,2652.98464340666
2173,1640.6454830617424
2174,3340.1272124253255
2175,4635.264652632733
2176,1602.032685460312
2177,3903.4104171748436
2178,2912.3250269981168
2179,1354.0326452458999
2180,3289.294129344823
2181,2027.771336627944
2182,2147.1399850086304
2183,1668.8219119375901
2184,4091.4167361231357
2185,1954.708051825824
2186,3172.5116677624683
2187,1293.0060450646683
2188,1904.3671386527271
2189,1405.6603791607063
2190,2501.2937357303886
2191,722.6789738416862
2192,1816.9429925049467
2193,2054.272347006357
2194,471.79405617227746
2195,2651.910500453987
2196,3208.7091728427454
2197,984.3048641191531
2198,6362.859102440846
2199,3215.056895360756
2200,3479.440478801127
2201,5795.170171022625
2202,1706.6919004005617
2203,2644.5559186556247
2204,424.6917925340122
2205,1911.7657437284468
2206,470.9891884287183
2207,2495.1822540057187
2208,4057.8407547924908
2209,1693.6281254863625
2210,3249.2339118896275
2211,1978.8067079607363
2212,2769.5444869944954
2213,1704.7865966317922
2214,3370.1002403140305
2215,526.0764519794109
2216,2142.2999546227675
2217,2698.6182494166037
2218,2430.7575438434806
2219,1984.8653465341313
2220,1949.5208442645767
2221,2071.2018447550176
2222,3827.99423883646
2223,1362.7206356447982
2224,4122.176734761356
2225,2036.5174491449739
2226,589.9664066935647
2227,607.6166304127063
2228,2522.351708502972
2229,2871.0261011783296
2230,715.2980920844637
2231,2598.83368927681
2232,2436.567477718155
2233,1532.7232739648935
2234,450.5147277532278
2235,394.1284490320166
2236,700.7344433193616
2237,448.84587301898745
2238,4200.371942669287
2239,-66.80748829804008
2240,545.2170501762671
2241,163.59881123568172
2242,1383.2909387278025
2243,2871.56770944111
2244,4280.847257409064
2245,4243.674300830255
2246,2944.6725074835426
2247,1790.4339087979804
2248,570.7998061623857
2249,3830.9293983143307
2250,528.730455690688
2251,6109.180744788763
2252,2745.9029496958265
2253,2202.8821488649774
2254,2270.1227918610375
2255,1583.7980785281916
2256,2478.241214659742
2257,2794.679816624297
2258,1489.6205727728675
2259,1301.3639746947422
2260,1030.197574089851
2261,588.9532392721717
2262,2033.1777125926346
2263,2456.414382377486
2264,2943.532246798635
2265,2444.380972244821
2266,876.6049408028548
2267,2647.825122877085
2268,1286.0973299759812
2269,96.87898745261106
2270,2842.334667921435
2271,1549.04433709206
2272,1791.5040113846671
2273,535.8474507690323
2274,4184.285036368658
2275,1629.760102684011
2276,1750.1757636104414
2277,631.2256872214226
2278,4060.3096579084113
2279,1779.8299444797096
2280,3523.95561438189
2281,4224.327612450659
2282,1591.7691643114736
2283,1445.0227607996044
2284,226.34350497123387
2285,2737.154318609087
2286,2451.656614410585
2287,612.7420714764423
2288,298.4938521471173
2289,1724.7151010870753
2290,658.0382832130995
2291,338.39721647836495
2292,414.11657506987797
2293,774.3980968368215
2294,2333.8935543799666
2295,2973.4795790477547
2296,108.25333675759413
2297,1756.433914395042
2298,1680.9693862063693
2299,2433.6192747599384
2300,1586.570922008997
2301,5698.567759889301
2302,1479.2921878368109
2303,3867.079283048762
2304,2652.876392183002
2305,3711.643940395299
2306,1967.9047630588716
2307,1005.7103763779301
2308,3407.974636919887
2309,2876.9244700501117
2310,2854.2863689615224
2311,2341.7995981302124
2312,4160.407642379466
2313,1911.4134868859403
2314,2573.543034097584
2315,2809.8058042321127
2316,1534.1503500832414
2317,1595.4599427125672
2318,390.3057779066801
2319,4064.573603480965
2320,2586.402904847979
2321,2379.6664588916683
2322,3922.663110240776
2323,1597.0245973214
2324,1742.746443149921
2325,659.5018954540956
2326,3111.0804449920815
2327,1973.8333559706543
2328,2864.0090111119493
2329,6124.982919070698
2330,1422.7769801038899
2331,3698.281958004026
2332,813.9710643061114
2333,1249.0138114461163
2334,1428.1953993327804
2335,799.0950982227122
2336,361.52286956456066
2337,430.39509217736446
2338,2114.4480155261567
2339,2828.527047784643
2340,2278.5352509984705
2341,1445.7568893427838
2342,4199.136864930704
2343,684.0401110325012
2344,2863.580001168804
2345,559.5767489235163
2346,2229.0214961735282
2347,3861.9732323753224
2348,1016.1249232718392
2349,3643.5168409082125
2350,4094.045656091418
2351,4597.34387825686
2352,250.57485372902636
2353,595.5126747014995
2354,2762.111382326101
2355,2416.766065458685
2356,5977.388628399359
2357,1699.8902882355112
2358,332.55280684421996
2359,510.2654612198411
2360,2914.378493609388
2361,2510.4452652644713
2362,3755.558246453669
2363,2841.5001630809766
2364,2688.1862273361935
2365,288.1157303935842
2366,775.7973564220766
2367,584.4807517770155
2368,1837.4710441629416
2369,2722.0060676453636
2370,1995.0869219744777
2371,425.8005805459469
2372,1566.015297231798
2373,2304.4065336121334
2374,1362.4735301058004
2375,706.1830377435592
2376,3869.9076594732755
2377,2388.0018011844895
2378,1855.3196263859138
2379,3362.281419753422
2380,4026.182392800013
2381,3748.6165427637125
2382,2343.260920293468
2383,4410.569929613288
2384,561.6101282682833
2385,1304.0449814296167
2386,1011.6720695544861
2387,944.3024145518926
2388,2688.2045698604916
2389,1754.7789288496501
2390,381.77577869698246
2391,1664.7557686572147
2392,1688.451880864401
2393,582.6757124477343
2394,1700.2974293119582
2395,2526.4935915855845
2396,1954.0849442388856
2397,801.3205024692014
2398,1764.959966376975
2399,311.20935674688474
2400,376.2967080776993
2401,1435.791146843115
2402,2106.4413033085943
2403,2608.7127331528095
2404,195.3509789255187
2405,278.9327995141991
2406,897.3656072842397
2407,2218.127626556405
2408,2974.746346786804
2409,4186.016289025772
2410,4193.540051157628
2411,2685.6100639530823
2412,3482.0043050068216
2413,1370.0338885302356
2414,1782.7912931374706
2415,2308.2580416923206
2416,1533.3320122123673
2417,1289.9641022136711
2418,638.4467208487883
2419,3038.623271101082
2420,2027.9501190646988
2421,2841.8881032863997
2422,1015.0835077770894
2423,2721.9898694778863
2424,3237.184364791209
2425,2587.4653869339986
2426,2687.5054743903474
2427,848.4127558419615
2428,3164.683181938066
2429,3031.599952412247
2430,3041.792639603078
2431,929.2768265384129
2432,159.41040850254393
2433,2403.3144374939957
2434,2587.4234676006586
2435,5075.604984355107
2436,756.3866505703687
2437,1635.5633075034766
2438,2270.258727578136
2439,1617.3202970488196
2440,2355.8332747340983
2441,1537.3415971230856
2442,60.75890729979275
2443,2518.39737782337
2444,3206.533984859999
2445,466.53414283390725
2446,662.5572422475017
2447,4259.105842782201
2448,1743.3453204027696
2449,548.6060428359933
2450,1749.7629296653442
2451,4097.992359151718
2452,2422.248830802218
2453,3427.1614312889415
2454,340.2340519471271
2455,2501.428302287077
2456,2021.3201122603132
2457,1468.3910545488204
2458,597.2432432261041
2459,1715.115212454708
2460,2720.5085923045895
2461,3010.9486543189387
2462,1397.972558061138
2463,1020.4110224030769
2464,1924.8845184477948
2465,2860.8612952410986
2466,1003.1653487548451
2467,2961.549216985758
2468,1255.4745450328787
2469,515.7194746599215
2470,2411.6259856625657
2471,2646.4036944756417
2472,4836.803284541177
2473,366.41254589569445
2474,1726.18344847974
2475,1495.7768573635371
2476,1631.7754798573599
2477,3176.6252532178173
2478,1936.35886810396
2479,1612.2312390199584
2480,462.81086068595994
2481,938.7050721779983
2482,1744.8708429288313
2483,1904.0169264735528
2484,2181.1874205213494
2485,4976.072925899919
2486,42.59867939121861
2487,4331.416581609186
2488,4950.365629596602
2489,1167.4359759305278
2490,351.21927107868447
2491,3263.6086149222792
2492,1674.0581301287855
2493,3149.4025585981963
2494,1856.351266752531
2495,2637.4583129078483
2496,3090.555141010145
2497,2423.0772249102224
2498,1716.5249980119256
2499,1628.25321471796
2500,2100.5317510302248
2501,1678.9961483538264
2502,3548.490643579326
2503,1951.655608608095
2504,3000.4702744869765
2505,3115.8136855851144
2506,3670.572926011298
2507,1664.496245303813
2508,3297.4939754531993
2509,488.4397731975913
2510,3830.1817478747066
2511,3400.3646110149593
2512,2922.9458154380955
2513,1646.7876729757609
2514,942.563957299686
2515,2246.8541567433326
2516,810.4421015065326
2517,2863.1594795325136
2518,3538.7498154744785
2519,1748.4916590085647
2520,1394.310214040917
2521,1493.1026680696114
2522,1234.9042837840652
